"","Survived","Pclass","Sex","Age","SibSp","Parch","Ticket","Fare","Cabin","Embarked","Age.disc","primera","genero","FamilySize"
"1","0","3","male",22,1,0,"A/5 21171",7.25,"Sin camarote","S","20-29",0,0,2
"2","1","1","female",38,1,0,"PC 17599",32.0966808773903,"C85","C","30-39",1,1,2
"3","1","3","female",26,0,0,"STON/O2. 3101282",7.925,"Sin camarote","S","20-29",0,1,1
"4","1","1","female",35,1,0,"113803",53.1,"C123","S","30-39",1,1,2
"5","0","3","male",35,0,0,"373450",8.05,"Sin camarote","S","30-39",0,0,1
"6","0","3","male",29.6991176470588,0,0,"330877",8.4583,"Sin camarote","Q","20-29",0,0,1
"7","0","1","male",54,0,0,"17463",51.8625,"E46","S","50-59",1,0,1
"8","0","3","male",2,3,1,"349909",21.075,"Sin camarote","S","0-9",0,0,5
"9","1","3","female",27,0,2,"347742",11.1333,"Sin camarote","S","20-29",0,1,3
"10","1","2","female",14,1,0,"237736",30.0708,"Sin camarote","C","10-19",0,1,2
"11","1","3","female",4,1,1,"PP 9549",16.7,"G6","S","0-9",0,1,3
"12","1","1","female",58,0,0,"113783",26.55,"C103","S","50-59",1,1,1
"13","0","3","male",20,0,0,"A/5. 2151",8.05,"Sin camarote","S","10-19",0,0,1
"14","0","3","male",39,1,5,"347082",31.275,"Sin camarote","S","30-39",0,0,7
"15","0","3","female",14,0,0,"350406",7.8542,"Sin camarote","S","10-19",0,1,1
"16","1","2","female",55,0,0,"248706",16,"Sin camarote","S","50-59",0,1,1
"17","0","3","male",2,4,1,"382652",29.125,"Sin camarote","Q","0-9",0,0,6
"18","1","2","male",29.6991176470588,0,0,"244373",13,"Sin camarote","S","20-29",0,0,1
"19","0","3","female",31,1,0,"345763",18,"Sin camarote","S","30-39",0,1,2
"20","1","3","female",29.6991176470588,0,0,"2649",7.225,"Sin camarote","C","20-29",0,1,1
"21","0","2","male",35,0,0,"239865",26,"Sin camarote","S","30-39",0,0,1
"22","1","2","male",34,0,0,"248698",13,"D56","S","30-39",0,0,1
"23","1","3","female",15,0,0,"330923",8.0292,"Sin camarote","Q","10-19",0,1,1
"24","1","1","male",28,0,0,"113788",35.5,"A6","S","20-29",1,0,1
"25","0","3","female",8,3,1,"349909",21.075,"Sin camarote","S","0-9",0,1,5
"26","1","3","female",38,1,5,"347077",31.3875,"Sin camarote","S","30-39",0,1,7
"27","0","3","male",29.6991176470588,0,0,"2631",7.225,"Sin camarote","C","20-29",0,0,1
"28","0","1","male",19,3,2,"19950",32.0966808773903,"C23 C25 C27","S","10-19",1,0,6
"29","1","3","female",29.6991176470588,0,0,"330959",7.8792,"Sin camarote","Q","20-29",0,1,1
"30","0","3","male",29.6991176470588,0,0,"349216",7.8958,"Sin camarote","S","20-29",0,0,1
"31","0","1","male",40,0,0,"PC 17601",27.7208,"Sin camarote","C","30-39",1,0,1
"32","1","1","female",29.6991176470588,1,0,"PC 17569",32.0966808773903,"B78","C","20-29",1,1,2
"33","1","3","female",29.6991176470588,0,0,"335677",7.75,"Sin camarote","Q","20-29",0,1,1
"34","0","2","male",66,0,0,"C.A. 24579",10.5,"Sin camarote","S","60-69",0,0,1
"35","0","1","male",28,1,0,"PC 17604",32.0966808773903,"Sin camarote","C","20-29",1,0,2
"36","0","1","male",42,1,0,"113789",52,"Sin camarote","S","40-49",1,0,2
"37","1","3","male",29.6991176470588,0,0,"2677",7.2292,"Sin camarote","C","20-29",0,0,1
"38","0","3","male",21,0,0,"A./5. 2152",8.05,"Sin camarote","S","20-29",0,0,1
"39","0","3","female",18,2,0,"345764",18,"Sin camarote","S","10-19",0,1,3
"40","1","3","female",14,1,0,"2651",11.2417,"Sin camarote","C","10-19",0,1,2
"41","0","3","female",40,1,0,"7546",9.475,"Sin camarote","S","30-39",0,1,2
"42","0","2","female",27,1,0,"11668",21,"Sin camarote","S","20-29",0,1,2
"43","0","3","male",29.6991176470588,0,0,"349253",7.8958,"Sin camarote","C","20-29",0,0,1
"44","1","2","female",3,1,2,"SC/Paris 2123",41.5792,"Sin camarote","C","0-9",0,1,4
"45","1","3","female",19,0,0,"330958",7.8792,"Sin camarote","Q","10-19",0,1,1
"46","0","3","male",29.6991176470588,0,0,"S.C./A.4. 23567",8.05,"Sin camarote","S","20-29",0,0,1
"47","0","3","male",29.6991176470588,1,0,"370371",15.5,"Sin camarote","Q","20-29",0,0,2
"48","1","3","female",29.6991176470588,0,0,"14311",7.75,"Sin camarote","Q","20-29",0,1,1
"49","0","3","male",29.6991176470588,2,0,"2662",21.6792,"Sin camarote","C","20-29",0,0,3
"50","0","3","female",18,1,0,"349237",17.8,"Sin camarote","S","10-19",0,1,2
"51","0","3","male",7,4,1,"3101295",39.6875,"Sin camarote","S","0-9",0,0,6
"52","0","3","male",21,0,0,"A/4. 39886",7.8,"Sin camarote","S","20-29",0,0,1
"53","1","1","female",49,1,0,"PC 17572",32.0966808773903,"D33","C","40-49",1,1,2
"54","1","2","female",29,1,0,"2926",26,"Sin camarote","S","20-29",0,1,2
"55","0","1","male",65,0,1,"113509",61.9792,"B30","C","60-69",1,0,2
"56","1","1","male",29.6991176470588,0,0,"19947",35.5,"C52","S","20-29",1,0,1
"57","1","2","female",21,0,0,"C.A. 31026",10.5,"Sin camarote","S","20-29",0,1,1
"58","0","3","male",28.5,0,0,"2697",7.2292,"Sin camarote","C","20-29",0,0,1
"59","1","2","female",5,1,2,"C.A. 34651",27.75,"Sin camarote","S","0-9",0,1,4
"60","0","3","male",11,5,2,"CA 2144",46.9,"Sin camarote","S","10-19",0,0,8
"61","0","3","male",22,0,0,"2669",7.2292,"Sin camarote","C","20-29",0,0,1
"63","0","1","male",45,1,0,"36973",32.0966808773903,"C83","S","40-49",1,0,2
"64","0","3","male",4,3,2,"347088",27.9,"Sin camarote","S","0-9",0,0,6
"65","0","1","male",29.6991176470588,0,0,"PC 17605",27.7208,"Sin camarote","C","20-29",1,0,1
"66","1","3","male",29.6991176470588,1,1,"2661",15.2458,"Sin camarote","C","20-29",0,0,3
"67","1","2","female",29,0,0,"C.A. 29395",10.5,"F33","S","20-29",0,1,1
"68","0","3","male",19,0,0,"S.P. 3464",8.1583,"Sin camarote","S","10-19",0,0,1
"69","1","3","female",17,4,2,"3101281",7.925,"Sin camarote","S","10-19",0,1,7
"70","0","3","male",26,2,0,"315151",8.6625,"Sin camarote","S","20-29",0,0,3
"71","0","2","male",32,0,0,"C.A. 33111",10.5,"Sin camarote","S","30-39",0,0,1
"72","0","3","female",16,5,2,"CA 2144",46.9,"Sin camarote","S","10-19",0,1,8
"73","0","2","male",21,0,0,"S.O.C. 14879",32.0966808773903,"Sin camarote","S","20-29",0,0,1
"74","0","3","male",26,1,0,"2680",14.4542,"Sin camarote","C","20-29",0,0,2
"75","1","3","male",32,0,0,"1601",56.4958,"Sin camarote","S","30-39",0,0,1
"76","0","3","male",25,0,0,"348123",7.65,"F G73","S","20-29",0,0,1
"77","0","3","male",29.6991176470588,0,0,"349208",7.8958,"Sin camarote","S","20-29",0,0,1
"78","0","3","male",29.6991176470588,0,0,"374746",8.05,"Sin camarote","S","20-29",0,0,1
"79","1","2","male",0.83,0,2,"248738",29,"Sin camarote","S","0-9",0,0,3
"80","1","3","female",30,0,0,"364516",12.475,"Sin camarote","S","20-29",0,1,1
"81","0","3","male",22,0,0,"345767",9,"Sin camarote","S","20-29",0,0,1
"82","1","3","male",29,0,0,"345779",9.5,"Sin camarote","S","20-29",0,0,1
"83","1","3","female",29.6991176470588,0,0,"330932",7.7875,"Sin camarote","Q","20-29",0,1,1
"84","0","1","male",28,0,0,"113059",47.1,"Sin camarote","S","20-29",1,0,1
"85","1","2","female",17,0,0,"SO/C 14885",10.5,"Sin camarote","S","10-19",0,1,1
"86","1","3","female",33,3,0,"3101278",15.85,"Sin camarote","S","30-39",0,1,4
"87","0","3","male",16,1,3,"W./C. 6608",34.375,"Sin camarote","S","10-19",0,0,5
"88","0","3","male",29.6991176470588,0,0,"SOTON/OQ 392086",8.05,"Sin camarote","S","20-29",0,0,1
"89","1","1","female",23,3,2,"19950",32.0966808773903,"C23 C25 C27","S","20-29",1,1,6
"90","0","3","male",24,0,0,"343275",8.05,"Sin camarote","S","20-29",0,0,1
"91","0","3","male",29,0,0,"343276",8.05,"Sin camarote","S","20-29",0,0,1
"92","0","3","male",20,0,0,"347466",7.8542,"Sin camarote","S","10-19",0,0,1
"93","0","1","male",46,1,0,"W.E.P. 5734",61.175,"E31","S","40-49",1,0,2
"94","0","3","male",26,1,2,"C.A. 2315",20.575,"Sin camarote","S","20-29",0,0,4
"95","0","3","male",59,0,0,"364500",7.25,"Sin camarote","S","50-59",0,0,1
"96","0","3","male",29.6991176470588,0,0,"374910",8.05,"Sin camarote","S","20-29",0,0,1
"97","0","1","male",71,0,0,"PC 17754",34.6542,"A5","C","70-80",1,0,1
"98","1","1","male",23,0,1,"PC 17759",63.3583,"D10 D12","C","20-29",1,0,2
"99","1","2","female",34,0,1,"231919",23,"Sin camarote","S","30-39",0,1,2
"100","0","2","male",34,1,0,"244367",26,"Sin camarote","S","30-39",0,0,2
"101","0","3","female",28,0,0,"349245",7.8958,"Sin camarote","S","20-29",0,1,1
"102","0","3","male",29.6991176470588,0,0,"349215",7.8958,"Sin camarote","S","20-29",0,0,1
"103","0","1","male",21,0,1,"35281",32.0966808773903,"D26","S","20-29",1,0,2
"104","0","3","male",33,0,0,"7540",8.6542,"Sin camarote","S","30-39",0,0,1
"105","0","3","male",37,2,0,"3101276",7.925,"Sin camarote","S","30-39",0,0,3
"106","0","3","male",28,0,0,"349207",7.8958,"Sin camarote","S","20-29",0,0,1
"107","1","3","female",21,0,0,"343120",7.65,"Sin camarote","S","20-29",0,1,1
"108","1","3","male",29.6991176470588,0,0,"312991",7.775,"Sin camarote","S","20-29",0,0,1
"109","0","3","male",38,0,0,"349249",7.8958,"Sin camarote","S","30-39",0,0,1
"110","1","3","female",29.6991176470588,1,0,"371110",24.15,"Sin camarote","Q","20-29",0,1,2
"111","0","1","male",47,0,0,"110465",52,"C110","S","40-49",1,0,1
"112","0","3","female",14.5,1,0,"2665",14.4542,"Sin camarote","C","10-19",0,1,2
"113","0","3","male",22,0,0,"324669",8.05,"Sin camarote","S","20-29",0,0,1
"114","0","3","female",20,1,0,"4136",9.825,"Sin camarote","S","10-19",0,1,2
"115","0","3","female",17,0,0,"2627",14.4583,"Sin camarote","C","10-19",0,1,1
"116","0","3","male",21,0,0,"STON/O 2. 3101294",7.925,"Sin camarote","S","20-29",0,0,1
"117","0","3","male",70.5,0,0,"370369",7.75,"Sin camarote","Q","70-80",0,0,1
"118","0","2","male",29,1,0,"11668",21,"Sin camarote","S","20-29",0,0,2
"119","0","1","male",24,0,1,"PC 17558",32.0966808773903,"B58 B60","C","20-29",1,0,2
"120","0","3","female",2,4,2,"347082",31.275,"Sin camarote","S","0-9",0,1,7
"121","0","2","male",21,2,0,"S.O.C. 14879",32.0966808773903,"Sin camarote","S","20-29",0,0,3
"122","0","3","male",29.6991176470588,0,0,"A4. 54510",8.05,"Sin camarote","S","20-29",0,0,1
"123","0","2","male",32.5,1,0,"237736",30.0708,"Sin camarote","C","30-39",0,0,2
"124","1","2","female",32.5,0,0,"27267",13,"E101","S","30-39",0,1,1
"125","0","1","male",54,0,1,"35281",32.0966808773903,"D26","S","50-59",1,0,2
"126","1","3","male",12,1,0,"2651",11.2417,"Sin camarote","C","10-19",0,0,2
"127","0","3","male",29.6991176470588,0,0,"370372",7.75,"Sin camarote","Q","20-29",0,0,1
"128","1","3","male",24,0,0,"C 17369",7.1417,"Sin camarote","S","20-29",0,0,1
"129","1","3","female",29.6991176470588,1,1,"2668",22.3583,"F E69","C","20-29",0,1,3
"130","0","3","male",45,0,0,"347061",6.975,"Sin camarote","S","40-49",0,0,1
"131","0","3","male",33,0,0,"349241",7.8958,"Sin camarote","C","30-39",0,0,1
"132","0","3","male",20,0,0,"SOTON/O.Q. 3101307",7.05,"Sin camarote","S","10-19",0,0,1
"133","0","3","female",47,1,0,"A/5. 3337",14.5,"Sin camarote","S","40-49",0,1,2
"134","1","2","female",29,1,0,"228414",26,"Sin camarote","S","20-29",0,1,2
"135","0","2","male",25,0,0,"C.A. 29178",13,"Sin camarote","S","20-29",0,0,1
"136","0","2","male",23,0,0,"SC/PARIS 2133",15.0458,"Sin camarote","C","20-29",0,0,1
"137","1","1","female",19,0,2,"11752",26.2833,"D47","S","10-19",1,1,3
"138","0","1","male",37,1,0,"113803",53.1,"C123","S","30-39",1,0,2
"139","0","3","male",16,0,0,"7534",9.2167,"Sin camarote","S","10-19",0,0,1
"140","0","1","male",24,0,0,"PC 17593",32.0966808773903,"B86","C","20-29",1,0,1
"141","0","3","female",29.6991176470588,0,2,"2678",15.2458,"Sin camarote","C","20-29",0,1,3
"142","1","3","female",22,0,0,"347081",7.75,"Sin camarote","S","20-29",0,1,1
"143","1","3","female",24,1,0,"STON/O2. 3101279",15.85,"Sin camarote","S","20-29",0,1,2
"144","0","3","male",19,0,0,"365222",6.75,"Sin camarote","Q","10-19",0,0,1
"145","0","2","male",18,0,0,"231945",11.5,"Sin camarote","S","10-19",0,0,1
"146","0","2","male",19,1,1,"C.A. 33112",36.75,"Sin camarote","S","10-19",0,0,3
"147","1","3","male",27,0,0,"350043",7.7958,"Sin camarote","S","20-29",0,0,1
"148","0","3","female",9,2,2,"W./C. 6608",34.375,"Sin camarote","S","0-9",0,1,5
"149","0","2","male",36.5,0,2,"230080",26,"F2","S","30-39",0,0,3
"150","0","2","male",42,0,0,"244310",13,"Sin camarote","S","40-49",0,0,1
"151","0","2","male",51,0,0,"S.O.P. 1166",12.525,"Sin camarote","S","50-59",0,0,1
"152","1","1","female",22,1,0,"113776",32.0966808773903,"C2","S","20-29",1,1,2
"153","0","3","male",55.5,0,0,"A.5. 11206",8.05,"Sin camarote","S","50-59",0,0,1
"154","0","3","male",40.5,0,2,"A/5. 851",14.5,"Sin camarote","S","40-49",0,0,3
"155","0","3","male",29.6991176470588,0,0,"Fa 265302",7.3125,"Sin camarote","S","20-29",0,0,1
"156","0","1","male",51,0,1,"PC 17597",61.3792,"Sin camarote","C","50-59",1,0,2
"157","1","3","female",16,0,0,"35851",7.7333,"Sin camarote","Q","10-19",0,1,1
"158","0","3","male",30,0,0,"SOTON/OQ 392090",8.05,"Sin camarote","S","20-29",0,0,1
"159","0","3","male",29.6991176470588,0,0,"315037",8.6625,"Sin camarote","S","20-29",0,0,1
"160","0","3","male",29.6991176470588,8,2,"CA. 2343",32.0966808773903,"Sin camarote","S","20-29",0,0,11
"161","0","3","male",44,0,1,"371362",16.1,"Sin camarote","S","40-49",0,0,2
"162","1","2","female",40,0,0,"C.A. 33595",15.75,"Sin camarote","S","30-39",0,1,1
"163","0","3","male",26,0,0,"347068",7.775,"Sin camarote","S","20-29",0,0,1
"164","0","3","male",17,0,0,"315093",8.6625,"Sin camarote","S","10-19",0,0,1
"165","0","3","male",1,4,1,"3101295",39.6875,"Sin camarote","S","0-9",0,0,6
"166","1","3","male",9,0,2,"363291",20.525,"Sin camarote","S","0-9",0,0,3
"167","1","1","female",29.6991176470588,0,1,"113505",55,"E33","S","20-29",1,1,2
"168","0","3","female",45,1,4,"347088",27.9,"Sin camarote","S","40-49",0,1,6
"169","0","1","male",29.6991176470588,0,0,"PC 17318",25.925,"Sin camarote","S","20-29",1,0,1
"170","0","3","male",28,0,0,"1601",56.4958,"Sin camarote","S","20-29",0,0,1
"171","0","1","male",61,0,0,"111240",33.5,"B19","S","60-69",1,0,1
"172","0","3","male",4,4,1,"382652",29.125,"Sin camarote","Q","0-9",0,0,6
"173","1","3","female",1,1,1,"347742",11.1333,"Sin camarote","S","0-9",0,1,3
"174","0","3","male",21,0,0,"STON/O 2. 3101280",7.925,"Sin camarote","S","20-29",0,0,1
"175","0","1","male",56,0,0,"17764",30.6958,"A7","C","50-59",1,0,1
"176","0","3","male",18,1,1,"350404",7.8542,"Sin camarote","S","10-19",0,0,3
"177","0","3","male",29.6991176470588,3,1,"4133",25.4667,"Sin camarote","S","20-29",0,0,5
"178","0","1","female",50,0,0,"PC 17595",28.7125,"C49","C","40-49",1,1,1
"179","0","2","male",30,0,0,"250653",13,"Sin camarote","S","20-29",0,0,1
"180","0","3","male",36,0,0,"LINE",0,"Sin camarote","S","30-39",0,0,1
"181","0","3","female",29.6991176470588,8,2,"CA. 2343",32.0966808773903,"Sin camarote","S","20-29",0,1,11
"182","0","2","male",29.6991176470588,0,0,"SC/PARIS 2131",15.05,"Sin camarote","C","20-29",0,0,1
"183","0","3","male",9,4,2,"347077",31.3875,"Sin camarote","S","0-9",0,0,7
"184","1","2","male",1,2,1,"230136",39,"F4","S","0-9",0,0,4
"185","1","3","female",4,0,2,"315153",22.025,"Sin camarote","S","0-9",0,1,3
"186","0","1","male",29.6991176470588,0,0,"113767",50,"A32","S","20-29",1,0,1
"187","1","3","female",29.6991176470588,1,0,"370365",15.5,"Sin camarote","Q","20-29",0,1,2
"188","1","1","male",45,0,0,"111428",26.55,"Sin camarote","S","40-49",1,0,1
"189","0","3","male",40,1,1,"364849",15.5,"Sin camarote","Q","30-39",0,0,3
"190","0","3","male",36,0,0,"349247",7.8958,"Sin camarote","S","30-39",0,0,1
"191","1","2","female",32,0,0,"234604",13,"Sin camarote","S","30-39",0,1,1
"192","0","2","male",19,0,0,"28424",13,"Sin camarote","S","10-19",0,0,1
"193","1","3","female",19,1,0,"350046",7.8542,"Sin camarote","S","10-19",0,1,2
"194","1","2","male",3,1,1,"230080",26,"F2","S","0-9",0,0,3
"195","1","1","female",44,0,0,"PC 17610",27.7208,"B4","C","40-49",1,1,1
"196","1","1","female",58,0,0,"PC 17569",32.0966808773903,"B80","C","50-59",1,1,1
"197","0","3","male",29.6991176470588,0,0,"368703",7.75,"Sin camarote","Q","20-29",0,0,1
"198","0","3","male",42,0,1,"4579",8.4042,"Sin camarote","S","40-49",0,0,2
"199","1","3","female",29.6991176470588,0,0,"370370",7.75,"Sin camarote","Q","20-29",0,1,1
"200","0","2","female",24,0,0,"248747",13,"Sin camarote","S","20-29",0,1,1
"201","0","3","male",28,0,0,"345770",9.5,"Sin camarote","S","20-29",0,0,1
"202","0","3","male",29.6991176470588,8,2,"CA. 2343",32.0966808773903,"Sin camarote","S","20-29",0,0,11
"203","0","3","male",34,0,0,"3101264",6.4958,"Sin camarote","S","30-39",0,0,1
"204","0","3","male",45.5,0,0,"2628",7.225,"Sin camarote","C","40-49",0,0,1
"205","1","3","male",18,0,0,"A/5 3540",8.05,"Sin camarote","S","10-19",0,0,1
"206","0","3","female",2,0,1,"347054",10.4625,"G6","S","0-9",0,1,2
"207","0","3","male",32,1,0,"3101278",15.85,"Sin camarote","S","30-39",0,0,2
"208","1","3","male",26,0,0,"2699",18.7875,"Sin camarote","C","20-29",0,0,1
"209","1","3","female",16,0,0,"367231",7.75,"Sin camarote","Q","10-19",0,1,1
"210","1","1","male",40,0,0,"112277",31,"A31","C","30-39",1,0,1
"211","0","3","male",24,0,0,"SOTON/O.Q. 3101311",7.05,"Sin camarote","S","20-29",0,0,1
"212","1","2","female",35,0,0,"F.C.C. 13528",21,"Sin camarote","S","30-39",0,1,1
"213","0","3","male",22,0,0,"A/5 21174",7.25,"Sin camarote","S","20-29",0,0,1
"214","0","2","male",30,0,0,"250646",13,"Sin camarote","S","20-29",0,0,1
"215","0","3","male",29.6991176470588,1,0,"367229",7.75,"Sin camarote","Q","20-29",0,0,2
"216","1","1","female",31,1,0,"35273",32.0966808773903,"D36","C","30-39",1,1,2
"217","1","3","female",27,0,0,"STON/O2. 3101283",7.925,"Sin camarote","S","20-29",0,1,1
"218","0","2","male",42,1,0,"243847",27,"Sin camarote","S","40-49",0,0,2
"219","1","1","female",32,0,0,"11813",32.0966808773903,"D15","C","30-39",1,1,1
"220","0","2","male",30,0,0,"W/C 14208",10.5,"Sin camarote","S","20-29",0,0,1
"221","1","3","male",16,0,0,"SOTON/OQ 392089",8.05,"Sin camarote","S","10-19",0,0,1
"222","0","2","male",27,0,0,"220367",13,"Sin camarote","S","20-29",0,0,1
"223","0","3","male",51,0,0,"21440",8.05,"Sin camarote","S","50-59",0,0,1
"224","0","3","male",29.6991176470588,0,0,"349234",7.8958,"Sin camarote","S","20-29",0,0,1
"225","1","1","male",38,1,0,"19943",32.0966808773903,"C93","S","30-39",1,0,2
"226","0","3","male",22,0,0,"PP 4348",9.35,"Sin camarote","S","20-29",0,0,1
"227","1","2","male",19,0,0,"SW/PP 751",10.5,"Sin camarote","S","10-19",0,0,1
"228","0","3","male",20.5,0,0,"A/5 21173",7.25,"Sin camarote","S","20-29",0,0,1
"229","0","2","male",18,0,0,"236171",13,"Sin camarote","S","10-19",0,0,1
"230","0","3","female",29.6991176470588,3,1,"4133",25.4667,"Sin camarote","S","20-29",0,1,5
"231","1","1","female",35,1,0,"36973",32.0966808773903,"C83","S","30-39",1,1,2
"232","0","3","male",29,0,0,"347067",7.775,"Sin camarote","S","20-29",0,0,1
"233","0","2","male",59,0,0,"237442",13.5,"Sin camarote","S","50-59",0,0,1
"234","1","3","female",5,4,2,"347077",31.3875,"Sin camarote","S","0-9",0,1,7
"235","0","2","male",24,0,0,"C.A. 29566",10.5,"Sin camarote","S","20-29",0,0,1
"236","0","3","female",29.6991176470588,0,0,"W./C. 6609",7.55,"Sin camarote","S","20-29",0,1,1
"237","0","2","male",44,1,0,"26707",26,"Sin camarote","S","40-49",0,0,2
"238","1","2","female",8,0,2,"C.A. 31921",26.25,"Sin camarote","S","0-9",0,1,3
"239","0","2","male",19,0,0,"28665",10.5,"Sin camarote","S","10-19",0,0,1
"240","0","2","male",33,0,0,"SCO/W 1585",12.275,"Sin camarote","S","30-39",0,0,1
"241","0","3","female",29.6991176470588,1,0,"2665",14.4542,"Sin camarote","C","20-29",0,1,2
"242","1","3","female",29.6991176470588,1,0,"367230",15.5,"Sin camarote","Q","20-29",0,1,2
"243","0","2","male",29,0,0,"W./C. 14263",10.5,"Sin camarote","S","20-29",0,0,1
"244","0","3","male",22,0,0,"STON/O 2. 3101275",7.125,"Sin camarote","S","20-29",0,0,1
"245","0","3","male",30,0,0,"2694",7.225,"Sin camarote","C","20-29",0,0,1
"246","0","1","male",44,2,0,"19928",32.0966808773903,"C78","Q","40-49",1,0,3
"247","0","3","female",25,0,0,"347071",7.775,"Sin camarote","S","20-29",0,1,1
"248","1","2","female",24,0,2,"250649",14.5,"Sin camarote","S","20-29",0,1,3
"249","1","1","male",37,1,1,"11751",52.5542,"D35","S","30-39",1,0,3
"250","0","2","male",54,1,0,"244252",26,"Sin camarote","S","50-59",0,0,2
"251","0","3","male",29.6991176470588,0,0,"362316",7.25,"Sin camarote","S","20-29",0,0,1
"252","0","3","female",29,1,1,"347054",10.4625,"G6","S","20-29",0,1,3
"253","0","1","male",62,0,0,"113514",26.55,"C87","S","60-69",1,0,1
"254","0","3","male",30,1,0,"A/5. 3336",16.1,"Sin camarote","S","20-29",0,0,2
"255","0","3","female",41,0,2,"370129",20.2125,"Sin camarote","S","40-49",0,1,3
"256","1","3","female",29,0,2,"2650",15.2458,"Sin camarote","C","20-29",0,1,3
"257","1","1","female",29.6991176470588,0,0,"PC 17585",32.0966808773903,"Sin camarote","C","20-29",1,1,1
"258","1","1","female",30,0,0,"110152",32.0966808773903,"B77","S","20-29",1,1,1
"259","1","1","female",35,0,0,"PC 17755",32.0966808773903,"Sin camarote","C","30-39",1,1,1
"260","1","2","female",50,0,1,"230433",26,"Sin camarote","S","40-49",0,1,2
"261","0","3","male",29.6991176470588,0,0,"384461",7.75,"Sin camarote","Q","20-29",0,0,1
"262","1","3","male",3,4,2,"347077",31.3875,"Sin camarote","S","0-9",0,0,7
"263","0","1","male",52,1,1,"110413",32.0966808773903,"E67","S","50-59",1,0,3
"264","0","1","male",40,0,0,"112059",0,"B94","S","30-39",1,0,1
"265","0","3","female",29.6991176470588,0,0,"382649",7.75,"Sin camarote","Q","20-29",0,1,1
"266","0","2","male",36,0,0,"C.A. 17248",10.5,"Sin camarote","S","30-39",0,0,1
"267","0","3","male",16,4,1,"3101295",39.6875,"Sin camarote","S","10-19",0,0,6
"268","1","3","male",25,1,0,"347083",7.775,"Sin camarote","S","20-29",0,0,2
"269","1","1","female",58,0,1,"PC 17582",32.0966808773903,"C125","S","50-59",1,1,2
"270","1","1","female",35,0,0,"PC 17760",32.0966808773903,"C99","S","30-39",1,1,1
"271","0","1","male",29.6991176470588,0,0,"113798",31,"Sin camarote","S","20-29",1,0,1
"272","1","3","male",25,0,0,"LINE",0,"Sin camarote","S","20-29",0,0,1
"273","1","2","female",41,0,1,"250644",19.5,"Sin camarote","S","40-49",0,1,2
"274","0","1","male",37,0,1,"PC 17596",29.7,"C118","C","30-39",1,0,2
"275","1","3","female",29.6991176470588,0,0,"370375",7.75,"Sin camarote","Q","20-29",0,1,1
"276","1","1","female",63,1,0,"13502",32.0966808773903,"D7","S","60-69",1,1,2
"277","0","3","female",45,0,0,"347073",7.75,"Sin camarote","S","40-49",0,1,1
"278","0","2","male",29.6991176470588,0,0,"239853",0,"Sin camarote","S","20-29",0,0,1
"279","0","3","male",7,4,1,"382652",29.125,"Sin camarote","Q","0-9",0,0,6
"280","1","3","female",35,1,1,"C.A. 2673",20.25,"Sin camarote","S","30-39",0,1,3
"281","0","3","male",65,0,0,"336439",7.75,"Sin camarote","Q","60-69",0,0,1
"282","0","3","male",28,0,0,"347464",7.8542,"Sin camarote","S","20-29",0,0,1
"283","0","3","male",16,0,0,"345778",9.5,"Sin camarote","S","10-19",0,0,1
"284","1","3","male",19,0,0,"A/5. 10482",8.05,"Sin camarote","S","10-19",0,0,1
"285","0","1","male",29.6991176470588,0,0,"113056",26,"A19","S","20-29",1,0,1
"286","0","3","male",33,0,0,"349239",8.6625,"Sin camarote","C","30-39",0,0,1
"287","1","3","male",30,0,0,"345774",9.5,"Sin camarote","S","20-29",0,0,1
"288","0","3","male",22,0,0,"349206",7.8958,"Sin camarote","S","20-29",0,0,1
"289","1","2","male",42,0,0,"237798",13,"Sin camarote","S","40-49",0,0,1
"290","1","3","female",22,0,0,"370373",7.75,"Sin camarote","Q","20-29",0,1,1
"291","1","1","female",26,0,0,"19877",32.0966808773903,"Sin camarote","S","20-29",1,1,1
"292","1","1","female",19,1,0,"11967",32.0966808773903,"B49","C","10-19",1,1,2
"293","0","2","male",36,0,0,"SC/Paris 2163",12.875,"D","C","30-39",0,0,1
"294","0","3","female",24,0,0,"349236",8.85,"Sin camarote","S","20-29",0,1,1
"295","0","3","male",24,0,0,"349233",7.8958,"Sin camarote","S","20-29",0,0,1
"296","0","1","male",29.6991176470588,0,0,"PC 17612",27.7208,"Sin camarote","C","20-29",1,0,1
"297","0","3","male",23.5,0,0,"2693",7.2292,"Sin camarote","C","20-29",0,0,1
"298","0","1","female",2,1,2,"113781",32.0966808773903,"C22 C26","S","0-9",1,1,4
"299","1","1","male",29.6991176470588,0,0,"19988",30.5,"C106","S","20-29",1,0,1
"300","1","1","female",50,0,1,"PC 17558",32.0966808773903,"B58 B60","C","40-49",1,1,2
"301","1","3","female",29.6991176470588,0,0,"9234",7.75,"Sin camarote","Q","20-29",0,1,1
"302","1","3","male",29.6991176470588,2,0,"367226",23.25,"Sin camarote","Q","20-29",0,0,3
"303","0","3","male",19,0,0,"LINE",0,"Sin camarote","S","10-19",0,0,1
"304","1","2","female",29.6991176470588,0,0,"226593",12.35,"E101","Q","20-29",0,1,1
"305","0","3","male",29.6991176470588,0,0,"A/5 2466",8.05,"Sin camarote","S","20-29",0,0,1
"306","1","1","male",0.92,1,2,"113781",32.0966808773903,"C22 C26","S","0-9",1,0,4
"307","1","1","female",29.6991176470588,0,0,"17421",32.0966808773903,"Sin camarote","C","20-29",1,1,1
"308","1","1","female",17,1,0,"PC 17758",32.0966808773903,"C65","C","10-19",1,1,2
"309","0","2","male",30,1,0,"P/PP 3381",24,"Sin camarote","C","20-29",0,0,2
"310","1","1","female",30,0,0,"PC 17485",56.9292,"E36","C","20-29",1,1,1
"311","1","1","female",24,0,0,"11767",32.0966808773903,"C54","C","20-29",1,1,1
"312","1","1","female",18,2,2,"PC 17608",32.0966808773903,"B57 B59 B63 B66","C","10-19",1,1,5
"313","0","2","female",26,1,1,"250651",26,"Sin camarote","S","20-29",0,1,3
"314","0","3","male",28,0,0,"349243",7.8958,"Sin camarote","S","20-29",0,0,1
"315","0","2","male",43,1,1,"F.C.C. 13529",26.25,"Sin camarote","S","40-49",0,0,3
"316","1","3","female",26,0,0,"347470",7.8542,"Sin camarote","S","20-29",0,1,1
"317","1","2","female",24,1,0,"244367",26,"Sin camarote","S","20-29",0,1,2
"318","0","2","male",54,0,0,"29011",14,"Sin camarote","S","50-59",0,0,1
"319","1","1","female",31,0,2,"36928",32.0966808773903,"C7","S","30-39",1,1,3
"320","1","1","female",40,1,1,"16966",32.0966808773903,"E34","C","30-39",1,1,3
"321","0","3","male",22,0,0,"A/5 21172",7.25,"Sin camarote","S","20-29",0,0,1
"322","0","3","male",27,0,0,"349219",7.8958,"Sin camarote","S","20-29",0,0,1
"323","1","2","female",30,0,0,"234818",12.35,"Sin camarote","Q","20-29",0,1,1
"324","1","2","female",22,1,1,"248738",29,"Sin camarote","S","20-29",0,1,3
"325","0","3","male",29.6991176470588,8,2,"CA. 2343",32.0966808773903,"Sin camarote","S","20-29",0,0,11
"326","1","1","female",36,0,0,"PC 17760",32.0966808773903,"C32","C","30-39",1,1,1
"327","0","3","male",61,0,0,"345364",6.2375,"Sin camarote","S","60-69",0,0,1
"328","1","2","female",36,0,0,"28551",13,"D","S","30-39",0,1,1
"329","1","3","female",31,1,1,"363291",20.525,"Sin camarote","S","30-39",0,1,3
"330","1","1","female",16,0,1,"111361",57.9792,"B18","C","10-19",1,1,2
"331","1","3","female",29.6991176470588,2,0,"367226",23.25,"Sin camarote","Q","20-29",0,1,3
"332","0","1","male",45.5,0,0,"113043",28.5,"C124","S","40-49",1,0,1
"333","0","1","male",38,0,1,"PC 17582",32.0966808773903,"C91","S","30-39",1,0,2
"334","0","3","male",16,2,0,"345764",18,"Sin camarote","S","10-19",0,0,3
"335","1","1","female",29.6991176470588,1,0,"PC 17611",32.0966808773903,"Sin camarote","S","20-29",1,1,2
"336","0","3","male",29.6991176470588,0,0,"349225",7.8958,"Sin camarote","S","20-29",0,0,1
"337","0","1","male",29,1,0,"113776",32.0966808773903,"C2","S","20-29",1,0,2
"338","1","1","female",41,0,0,"16966",32.0966808773903,"E40","C","40-49",1,1,1
"339","1","3","male",45,0,0,"7598",8.05,"Sin camarote","S","40-49",0,0,1
"340","0","1","male",45,0,0,"113784",35.5,"T","S","40-49",1,0,1
"341","1","2","male",2,1,1,"230080",26,"F2","S","0-9",0,0,3
"342","1","1","female",24,3,2,"19950",32.0966808773903,"C23 C25 C27","S","20-29",1,1,6
"343","0","2","male",28,0,0,"248740",13,"Sin camarote","S","20-29",0,0,1
"344","0","2","male",25,0,0,"244361",13,"Sin camarote","S","20-29",0,0,1
"345","0","2","male",36,0,0,"229236",13,"Sin camarote","S","30-39",0,0,1
"346","1","2","female",24,0,0,"248733",13,"F33","S","20-29",0,1,1
"347","1","2","female",40,0,0,"31418",13,"Sin camarote","S","30-39",0,1,1
"348","1","3","female",29.6991176470588,1,0,"386525",16.1,"Sin camarote","S","20-29",0,1,2
"349","1","3","male",3,1,1,"C.A. 37671",15.9,"Sin camarote","S","0-9",0,0,3
"350","0","3","male",42,0,0,"315088",8.6625,"Sin camarote","S","40-49",0,0,1
"351","0","3","male",23,0,0,"7267",9.225,"Sin camarote","S","20-29",0,0,1
"352","0","1","male",29.6991176470588,0,0,"113510",35,"C128","S","20-29",1,0,1
"353","0","3","male",15,1,1,"2695",7.2292,"Sin camarote","C","10-19",0,0,3
"354","0","3","male",25,1,0,"349237",17.8,"Sin camarote","S","20-29",0,0,2
"355","0","3","male",29.6991176470588,0,0,"2647",7.225,"Sin camarote","C","20-29",0,0,1
"356","0","3","male",28,0,0,"345783",9.5,"Sin camarote","S","20-29",0,0,1
"357","1","1","female",22,0,1,"113505",55,"E33","S","20-29",1,1,2
"358","0","2","female",38,0,0,"237671",13,"Sin camarote","S","30-39",0,1,1
"359","1","3","female",29.6991176470588,0,0,"330931",7.8792,"Sin camarote","Q","20-29",0,1,1
"360","1","3","female",29.6991176470588,0,0,"330980",7.8792,"Sin camarote","Q","20-29",0,1,1
"361","0","3","male",40,1,4,"347088",27.9,"Sin camarote","S","30-39",0,0,6
"362","0","2","male",29,1,0,"SC/PARIS 2167",27.7208,"Sin camarote","C","20-29",0,0,2
"363","0","3","female",45,0,1,"2691",14.4542,"Sin camarote","C","40-49",0,1,2
"364","0","3","male",35,0,0,"SOTON/O.Q. 3101310",7.05,"Sin camarote","S","30-39",0,0,1
"365","0","3","male",29.6991176470588,1,0,"370365",15.5,"Sin camarote","Q","20-29",0,0,2
"366","0","3","male",30,0,0,"C 7076",7.25,"Sin camarote","S","20-29",0,0,1
"367","1","1","female",60,1,0,"110813",32.0966808773903,"D37","C","50-59",1,1,2
"368","1","3","female",29.6991176470588,0,0,"2626",7.2292,"Sin camarote","C","20-29",0,1,1
"369","1","3","female",29.6991176470588,0,0,"14313",7.75,"Sin camarote","Q","20-29",0,1,1
"370","1","1","female",24,0,0,"PC 17477",32.0966808773903,"B35","C","20-29",1,1,1
"371","1","1","male",25,1,0,"11765",55.4417,"E50","C","20-29",1,0,2
"372","0","3","male",18,1,0,"3101267",6.4958,"Sin camarote","S","10-19",0,0,2
"373","0","3","male",19,0,0,"323951",8.05,"Sin camarote","S","10-19",0,0,1
"374","0","1","male",22,0,0,"PC 17760",32.0966808773903,"Sin camarote","C","20-29",1,0,1
"375","0","3","female",3,3,1,"349909",21.075,"Sin camarote","S","0-9",0,1,5
"376","1","1","female",29.6991176470588,1,0,"PC 17604",32.0966808773903,"Sin camarote","C","20-29",1,1,2
"377","1","3","female",22,0,0,"C 7077",7.25,"Sin camarote","S","20-29",0,1,1
"378","0","1","male",27,0,2,"113503",32.0966808773903,"C82","C","20-29",1,0,3
"379","0","3","male",20,0,0,"2648",4.0125,"Sin camarote","C","10-19",0,0,1
"380","0","3","male",19,0,0,"347069",7.775,"Sin camarote","S","10-19",0,0,1
"381","1","1","female",42,0,0,"PC 17757",32.0966808773903,"Sin camarote","C","40-49",1,1,1
"382","1","3","female",1,0,2,"2653",15.7417,"Sin camarote","C","0-9",0,1,3
"383","0","3","male",32,0,0,"STON/O 2. 3101293",7.925,"Sin camarote","S","30-39",0,0,1
"384","1","1","female",35,1,0,"113789",52,"Sin camarote","S","30-39",1,1,2
"385","0","3","male",29.6991176470588,0,0,"349227",7.8958,"Sin camarote","S","20-29",0,0,1
"386","0","2","male",18,0,0,"S.O.C. 14879",32.0966808773903,"Sin camarote","S","10-19",0,0,1
"387","0","3","male",1,5,2,"CA 2144",46.9,"Sin camarote","S","0-9",0,0,8
"388","1","2","female",36,0,0,"27849",13,"Sin camarote","S","30-39",0,1,1
"389","0","3","male",29.6991176470588,0,0,"367655",7.7292,"Sin camarote","Q","20-29",0,0,1
"390","1","2","female",17,0,0,"SC 1748",12,"Sin camarote","C","10-19",0,1,1
"391","1","1","male",36,1,2,"113760",32.0966808773903,"B96 B98","S","30-39",1,0,4
"392","1","3","male",21,0,0,"350034",7.7958,"Sin camarote","S","20-29",0,0,1
"393","0","3","male",28,2,0,"3101277",7.925,"Sin camarote","S","20-29",0,0,3
"394","1","1","female",23,1,0,"35273",32.0966808773903,"D36","C","20-29",1,1,2
"395","1","3","female",24,0,2,"PP 9549",16.7,"G6","S","20-29",0,1,3
"396","0","3","male",22,0,0,"350052",7.7958,"Sin camarote","S","20-29",0,0,1
"397","0","3","female",31,0,0,"350407",7.8542,"Sin camarote","S","30-39",0,1,1
"398","0","2","male",46,0,0,"28403",26,"Sin camarote","S","40-49",0,0,1
"399","0","2","male",23,0,0,"244278",10.5,"Sin camarote","S","20-29",0,0,1
"400","1","2","female",28,0,0,"240929",12.65,"Sin camarote","S","20-29",0,1,1
"401","1","3","male",39,0,0,"STON/O 2. 3101289",7.925,"Sin camarote","S","30-39",0,0,1
"402","0","3","male",26,0,0,"341826",8.05,"Sin camarote","S","20-29",0,0,1
"403","0","3","female",21,1,0,"4137",9.825,"Sin camarote","S","20-29",0,1,2
"404","0","3","male",28,1,0,"STON/O2. 3101279",15.85,"Sin camarote","S","20-29",0,0,2
"405","0","3","female",20,0,0,"315096",8.6625,"Sin camarote","S","10-19",0,1,1
"406","0","2","male",34,1,0,"28664",21,"Sin camarote","S","30-39",0,0,2
"407","0","3","male",51,0,0,"347064",7.75,"Sin camarote","S","50-59",0,0,1
"408","1","2","male",3,1,1,"29106",18.75,"Sin camarote","S","0-9",0,0,3
"409","0","3","male",21,0,0,"312992",7.775,"Sin camarote","S","20-29",0,0,1
"410","0","3","female",29.6991176470588,3,1,"4133",25.4667,"Sin camarote","S","20-29",0,1,5
"411","0","3","male",29.6991176470588,0,0,"349222",7.8958,"Sin camarote","S","20-29",0,0,1
"412","0","3","male",29.6991176470588,0,0,"394140",6.8583,"Sin camarote","Q","20-29",0,0,1
"413","1","1","female",33,1,0,"19928",32.0966808773903,"C78","Q","30-39",1,1,2
"414","0","2","male",29.6991176470588,0,0,"239853",0,"Sin camarote","S","20-29",0,0,1
"415","1","3","male",44,0,0,"STON/O 2. 3101269",7.925,"Sin camarote","S","40-49",0,0,1
"416","0","3","female",29.6991176470588,0,0,"343095",8.05,"Sin camarote","S","20-29",0,1,1
"417","1","2","female",34,1,1,"28220",32.5,"Sin camarote","S","30-39",0,1,3
"418","1","2","female",18,0,2,"250652",13,"Sin camarote","S","10-19",0,1,3
"419","0","2","male",30,0,0,"28228",13,"Sin camarote","S","20-29",0,0,1
"420","0","3","female",10,0,2,"345773",24.15,"Sin camarote","S","0-9",0,1,3
"421","0","3","male",29.6991176470588,0,0,"349254",7.8958,"Sin camarote","C","20-29",0,0,1
"422","0","3","male",21,0,0,"A/5. 13032",7.7333,"Sin camarote","Q","20-29",0,0,1
"423","0","3","male",29,0,0,"315082",7.875,"Sin camarote","S","20-29",0,0,1
"424","0","3","female",28,1,1,"347080",14.4,"Sin camarote","S","20-29",0,1,3
"425","0","3","male",18,1,1,"370129",20.2125,"Sin camarote","S","10-19",0,0,3
"426","0","3","male",29.6991176470588,0,0,"A/4. 34244",7.25,"Sin camarote","S","20-29",0,0,1
"427","1","2","female",28,1,0,"2003",26,"Sin camarote","S","20-29",0,1,2
"428","1","2","female",19,0,0,"250655",26,"Sin camarote","S","10-19",0,1,1
"429","0","3","male",29.6991176470588,0,0,"364851",7.75,"Sin camarote","Q","20-29",0,0,1
"430","1","3","male",32,0,0,"SOTON/O.Q. 392078",8.05,"E10","S","30-39",0,0,1
"431","1","1","male",28,0,0,"110564",26.55,"C52","S","20-29",1,0,1
"432","1","3","female",29.6991176470588,1,0,"376564",16.1,"Sin camarote","S","20-29",0,1,2
"433","1","2","female",42,1,0,"SC/AH 3085",26,"Sin camarote","S","40-49",0,1,2
"434","0","3","male",17,0,0,"STON/O 2. 3101274",7.125,"Sin camarote","S","10-19",0,0,1
"435","0","1","male",50,1,0,"13507",55.9,"E44","S","40-49",1,0,2
"436","1","1","female",14,1,2,"113760",32.0966808773903,"B96 B98","S","10-19",1,1,4
"437","0","3","female",21,2,2,"W./C. 6608",34.375,"Sin camarote","S","20-29",0,1,5
"438","1","2","female",24,2,3,"29106",18.75,"Sin camarote","S","20-29",0,1,6
"439","0","1","male",64,1,4,"19950",32.0966808773903,"C23 C25 C27","S","60-69",1,0,6
"440","0","2","male",31,0,0,"C.A. 18723",10.5,"Sin camarote","S","30-39",0,0,1
"441","1","2","female",45,1,1,"F.C.C. 13529",26.25,"Sin camarote","S","40-49",0,1,3
"442","0","3","male",20,0,0,"345769",9.5,"Sin camarote","S","10-19",0,0,1
"443","0","3","male",25,1,0,"347076",7.775,"Sin camarote","S","20-29",0,0,2
"444","1","2","female",28,0,0,"230434",13,"Sin camarote","S","20-29",0,1,1
"445","1","3","male",29.6991176470588,0,0,"65306",8.1125,"Sin camarote","S","20-29",0,0,1
"446","1","1","male",4,0,2,"33638",32.0966808773903,"A34","S","0-9",1,0,3
"447","1","2","female",13,0,1,"250644",19.5,"Sin camarote","S","10-19",0,1,2
"448","1","1","male",34,0,0,"113794",26.55,"Sin camarote","S","30-39",1,0,1
"449","1","3","female",5,2,1,"2666",19.2583,"Sin camarote","C","0-9",0,1,4
"450","1","1","male",52,0,0,"113786",30.5,"C104","S","50-59",1,0,1
"451","0","2","male",36,1,2,"C.A. 34651",27.75,"Sin camarote","S","30-39",0,0,4
"452","0","3","male",29.6991176470588,1,0,"65303",19.9667,"Sin camarote","S","20-29",0,0,2
"453","0","1","male",30,0,0,"113051",27.75,"C111","C","20-29",1,0,1
"454","1","1","male",49,1,0,"17453",32.0966808773903,"C92","C","40-49",1,0,2
"455","0","3","male",29.6991176470588,0,0,"A/5 2817",8.05,"Sin camarote","S","20-29",0,0,1
"456","1","3","male",29,0,0,"349240",7.8958,"Sin camarote","C","20-29",0,0,1
"457","0","1","male",65,0,0,"13509",26.55,"E38","S","60-69",1,0,1
"458","1","1","female",29.6991176470588,1,0,"17464",51.8625,"D21","S","20-29",1,1,2
"459","1","2","female",50,0,0,"F.C.C. 13531",10.5,"Sin camarote","S","40-49",0,1,1
"460","0","3","male",29.6991176470588,0,0,"371060",7.75,"Sin camarote","Q","20-29",0,0,1
"461","1","1","male",48,0,0,"19952",26.55,"E12","S","40-49",1,0,1
"462","0","3","male",34,0,0,"364506",8.05,"Sin camarote","S","30-39",0,0,1
"463","0","1","male",47,0,0,"111320",38.5,"E63","S","40-49",1,0,1
"464","0","2","male",48,0,0,"234360",13,"Sin camarote","S","40-49",0,0,1
"465","0","3","male",29.6991176470588,0,0,"A/S 2816",8.05,"Sin camarote","S","20-29",0,0,1
"466","0","3","male",38,0,0,"SOTON/O.Q. 3101306",7.05,"Sin camarote","S","30-39",0,0,1
"467","0","2","male",29.6991176470588,0,0,"239853",0,"Sin camarote","S","20-29",0,0,1
"468","0","1","male",56,0,0,"113792",26.55,"Sin camarote","S","50-59",1,0,1
"469","0","3","male",29.6991176470588,0,0,"36209",7.725,"Sin camarote","Q","20-29",0,0,1
"470","1","3","female",0.75,2,1,"2666",19.2583,"Sin camarote","C","0-9",0,1,4
"471","0","3","male",29.6991176470588,0,0,"323592",7.25,"Sin camarote","S","20-29",0,0,1
"472","0","3","male",38,0,0,"315089",8.6625,"Sin camarote","S","30-39",0,0,1
"473","1","2","female",33,1,2,"C.A. 34651",27.75,"Sin camarote","S","30-39",0,1,4
"474","1","2","female",23,0,0,"SC/AH Basle 541",13.7917,"D","C","20-29",0,1,1
"475","0","3","female",22,0,0,"7553",9.8375,"Sin camarote","S","20-29",0,1,1
"476","0","1","male",29.6991176470588,0,0,"110465",52,"A14","S","20-29",1,0,1
"477","0","2","male",34,1,0,"31027",21,"Sin camarote","S","30-39",0,0,2
"478","0","3","male",29,1,0,"3460",7.0458,"Sin camarote","S","20-29",0,0,2
"479","0","3","male",22,0,0,"350060",7.5208,"Sin camarote","S","20-29",0,0,1
"480","1","3","female",2,0,1,"3101298",12.2875,"Sin camarote","S","0-9",0,1,2
"481","0","3","male",9,5,2,"CA 2144",46.9,"Sin camarote","S","0-9",0,0,8
"482","0","2","male",29.6991176470588,0,0,"239854",0,"Sin camarote","S","20-29",0,0,1
"483","0","3","male",50,0,0,"A/5 3594",8.05,"Sin camarote","S","40-49",0,0,1
"484","1","3","female",63,0,0,"4134",9.5875,"Sin camarote","S","60-69",0,1,1
"485","1","1","male",25,1,0,"11967",32.0966808773903,"B49","C","20-29",1,0,2
"486","0","3","female",29.6991176470588,3,1,"4133",25.4667,"Sin camarote","S","20-29",0,1,5
"487","1","1","female",35,1,0,"19943",32.0966808773903,"C93","S","30-39",1,1,2
"488","0","1","male",58,0,0,"11771",29.7,"B37","C","50-59",1,0,1
"489","0","3","male",30,0,0,"A.5. 18509",8.05,"Sin camarote","S","20-29",0,0,1
"490","1","3","male",9,1,1,"C.A. 37671",15.9,"Sin camarote","S","0-9",0,0,3
"491","0","3","male",29.6991176470588,1,0,"65304",19.9667,"Sin camarote","S","20-29",0,0,2
"492","0","3","male",21,0,0,"SOTON/OQ 3101317",7.25,"Sin camarote","S","20-29",0,0,1
"493","0","1","male",55,0,0,"113787",30.5,"C30","S","50-59",1,0,1
"494","0","1","male",71,0,0,"PC 17609",49.5042,"Sin camarote","C","70-80",1,0,1
"495","0","3","male",21,0,0,"A/4 45380",8.05,"Sin camarote","S","20-29",0,0,1
"496","0","3","male",29.6991176470588,0,0,"2627",14.4583,"Sin camarote","C","20-29",0,0,1
"497","1","1","female",54,1,0,"36947",32.0966808773903,"D20","C","50-59",1,1,2
"498","0","3","male",29.6991176470588,0,0,"C.A. 6212",15.1,"Sin camarote","S","20-29",0,0,1
"499","0","1","female",25,1,2,"113781",32.0966808773903,"C22 C26","S","20-29",1,1,4
"500","0","3","male",24,0,0,"350035",7.7958,"Sin camarote","S","20-29",0,0,1
"501","0","3","male",17,0,0,"315086",8.6625,"Sin camarote","S","10-19",0,0,1
"502","0","3","female",21,0,0,"364846",7.75,"Sin camarote","Q","20-29",0,1,1
"503","0","3","female",29.6991176470588,0,0,"330909",7.6292,"Sin camarote","Q","20-29",0,1,1
"504","0","3","female",37,0,0,"4135",9.5875,"Sin camarote","S","30-39",0,1,1
"505","1","1","female",16,0,0,"110152",32.0966808773903,"B79","S","10-19",1,1,1
"506","0","1","male",18,1,0,"PC 17758",32.0966808773903,"C65","C","10-19",1,0,2
"507","1","2","female",33,0,2,"26360",26,"Sin camarote","S","30-39",0,1,3
"508","1","1","male",29.6991176470588,0,0,"111427",26.55,"Sin camarote","S","20-29",1,0,1
"509","0","3","male",28,0,0,"C 4001",22.525,"Sin camarote","S","20-29",0,0,1
"510","1","3","male",26,0,0,"1601",56.4958,"Sin camarote","S","20-29",0,0,1
"511","1","3","male",29,0,0,"382651",7.75,"Sin camarote","Q","20-29",0,0,1
"512","0","3","male",29.6991176470588,0,0,"SOTON/OQ 3101316",8.05,"Sin camarote","S","20-29",0,0,1
"513","1","1","male",36,0,0,"PC 17473",26.2875,"E25","S","30-39",1,0,1
"514","1","1","female",54,1,0,"PC 17603",59.4,"Sin camarote","C","50-59",1,1,2
"515","0","3","male",24,0,0,"349209",7.4958,"Sin camarote","S","20-29",0,0,1
"516","0","1","male",47,0,0,"36967",34.0208,"D46","S","40-49",1,0,1
"517","1","2","female",34,0,0,"C.A. 34260",10.5,"F33","S","30-39",0,1,1
"518","0","3","male",29.6991176470588,0,0,"371110",24.15,"Sin camarote","Q","20-29",0,0,1
"519","1","2","female",36,1,0,"226875",26,"Sin camarote","S","30-39",0,1,2
"520","0","3","male",32,0,0,"349242",7.8958,"Sin camarote","S","30-39",0,0,1
"521","1","1","female",30,0,0,"12749",32.0966808773903,"B73","S","20-29",1,1,1
"522","0","3","male",22,0,0,"349252",7.8958,"Sin camarote","S","20-29",0,0,1
"523","0","3","male",29.6991176470588,0,0,"2624",7.225,"Sin camarote","C","20-29",0,0,1
"524","1","1","female",44,0,1,"111361",57.9792,"B18","C","40-49",1,1,2
"525","0","3","male",29.6991176470588,0,0,"2700",7.2292,"Sin camarote","C","20-29",0,0,1
"526","0","3","male",40.5,0,0,"367232",7.75,"Sin camarote","Q","40-49",0,0,1
"527","1","2","female",50,0,0,"W./C. 14258",10.5,"Sin camarote","S","40-49",0,1,1
"528","0","1","male",29.6991176470588,0,0,"PC 17483",32.0966808773903,"C95","S","20-29",1,0,1
"529","0","3","male",39,0,0,"3101296",7.925,"Sin camarote","S","30-39",0,0,1
"530","0","2","male",23,2,1,"29104",11.5,"Sin camarote","S","20-29",0,0,4
"531","1","2","female",2,1,1,"26360",26,"Sin camarote","S","0-9",0,1,3
"532","0","3","male",29.6991176470588,0,0,"2641",7.2292,"Sin camarote","C","20-29",0,0,1
"533","0","3","male",17,1,1,"2690",7.2292,"Sin camarote","C","10-19",0,0,3
"534","1","3","female",29.6991176470588,0,2,"2668",22.3583,"Sin camarote","C","20-29",0,1,3
"535","0","3","female",30,0,0,"315084",8.6625,"Sin camarote","S","20-29",0,1,1
"536","1","2","female",7,0,2,"F.C.C. 13529",26.25,"Sin camarote","S","0-9",0,1,3
"537","0","1","male",45,0,0,"113050",26.55,"B38","S","40-49",1,0,1
"538","1","1","female",30,0,0,"PC 17761",32.0966808773903,"Sin camarote","C","20-29",1,1,1
"539","0","3","male",29.6991176470588,0,0,"364498",14.5,"Sin camarote","S","20-29",0,0,1
"540","1","1","female",22,0,2,"13568",49.5,"B39","C","20-29",1,1,3
"541","1","1","female",36,0,2,"WE/P 5735",32.0966808773903,"B22","S","30-39",1,1,3
"542","0","3","female",9,4,2,"347082",31.275,"Sin camarote","S","0-9",0,1,7
"543","0","3","female",11,4,2,"347082",31.275,"Sin camarote","S","10-19",0,1,7
"544","1","2","male",32,1,0,"2908",26,"Sin camarote","S","30-39",0,0,2
"545","0","1","male",50,1,0,"PC 17761",32.0966808773903,"C86","C","40-49",1,0,2
"546","0","1","male",64,0,0,"693",26,"Sin camarote","S","60-69",1,0,1
"547","1","2","female",19,1,0,"2908",26,"Sin camarote","S","10-19",0,1,2
"548","1","2","male",29.6991176470588,0,0,"SC/PARIS 2146",13.8625,"Sin camarote","C","20-29",0,0,1
"549","0","3","male",33,1,1,"363291",20.525,"Sin camarote","S","30-39",0,0,3
"550","1","2","male",8,1,1,"C.A. 33112",36.75,"Sin camarote","S","0-9",0,0,3
"551","1","1","male",17,0,2,"17421",32.0966808773903,"C70","C","10-19",1,0,3
"552","0","2","male",27,0,0,"244358",26,"Sin camarote","S","20-29",0,0,1
"553","0","3","male",29.6991176470588,0,0,"330979",7.8292,"Sin camarote","Q","20-29",0,0,1
"554","1","3","male",22,0,0,"2620",7.225,"Sin camarote","C","20-29",0,0,1
"555","1","3","female",22,0,0,"347085",7.775,"Sin camarote","S","20-29",0,1,1
"556","0","1","male",62,0,0,"113807",26.55,"Sin camarote","S","60-69",1,0,1
"557","1","1","female",48,1,0,"11755",39.6,"A16","C","40-49",1,1,2
"558","0","1","male",29.6991176470588,0,0,"PC 17757",32.0966808773903,"Sin camarote","C","20-29",1,0,1
"559","1","1","female",39,1,1,"110413",32.0966808773903,"E67","S","30-39",1,1,3
"560","1","3","female",36,1,0,"345572",17.4,"Sin camarote","S","30-39",0,1,2
"561","0","3","male",29.6991176470588,0,0,"372622",7.75,"Sin camarote","Q","20-29",0,0,1
"562","0","3","male",40,0,0,"349251",7.8958,"Sin camarote","S","30-39",0,0,1
"563","0","2","male",28,0,0,"218629",13.5,"Sin camarote","S","20-29",0,0,1
"564","0","3","male",29.6991176470588,0,0,"SOTON/OQ 392082",8.05,"Sin camarote","S","20-29",0,0,1
"565","0","3","female",29.6991176470588,0,0,"SOTON/O.Q. 392087",8.05,"Sin camarote","S","20-29",0,1,1
"566","0","3","male",24,2,0,"A/4 48871",24.15,"Sin camarote","S","20-29",0,0,3
"567","0","3","male",19,0,0,"349205",7.8958,"Sin camarote","S","10-19",0,0,1
"568","0","3","female",29,0,4,"349909",21.075,"Sin camarote","S","20-29",0,1,5
"569","0","3","male",29.6991176470588,0,0,"2686",7.2292,"Sin camarote","C","20-29",0,0,1
"570","1","3","male",32,0,0,"350417",7.8542,"Sin camarote","S","30-39",0,0,1
"571","1","2","male",62,0,0,"S.W./PP 752",10.5,"Sin camarote","S","60-69",0,0,1
"572","1","1","female",53,2,0,"11769",51.4792,"C101","S","50-59",1,1,3
"573","1","1","male",36,0,0,"PC 17474",26.3875,"E25","S","30-39",1,0,1
"574","1","3","female",29.6991176470588,0,0,"14312",7.75,"Sin camarote","Q","20-29",0,1,1
"575","0","3","male",16,0,0,"A/4. 20589",8.05,"Sin camarote","S","10-19",0,0,1
"576","0","3","male",19,0,0,"358585",14.5,"Sin camarote","S","10-19",0,0,1
"577","1","2","female",34,0,0,"243880",13,"Sin camarote","S","30-39",0,1,1
"578","1","1","female",39,1,0,"13507",55.9,"E44","S","30-39",1,1,2
"579","0","3","female",29.6991176470588,1,0,"2689",14.4583,"Sin camarote","C","20-29",0,1,2
"580","1","3","male",32,0,0,"STON/O 2. 3101286",7.925,"Sin camarote","S","30-39",0,0,1
"581","1","2","female",25,1,1,"237789",30,"Sin camarote","S","20-29",0,1,3
"582","1","1","female",39,1,1,"17421",32.0966808773903,"C68","C","30-39",1,1,3
"583","0","2","male",54,0,0,"28403",26,"Sin camarote","S","50-59",0,0,1
"584","0","1","male",36,0,0,"13049",40.125,"A10","C","30-39",1,0,1
"585","0","3","male",29.6991176470588,0,0,"3411",8.7125,"Sin camarote","C","20-29",0,0,1
"586","1","1","female",18,0,2,"110413",32.0966808773903,"E68","S","10-19",1,1,3
"587","0","2","male",47,0,0,"237565",15,"Sin camarote","S","40-49",0,0,1
"588","1","1","male",60,1,1,"13567",32.0966808773903,"B41","C","50-59",1,0,3
"589","0","3","male",22,0,0,"14973",8.05,"Sin camarote","S","20-29",0,0,1
"590","0","3","male",29.6991176470588,0,0,"A./5. 3235",8.05,"Sin camarote","S","20-29",0,0,1
"591","0","3","male",35,0,0,"STON/O 2. 3101273",7.125,"Sin camarote","S","30-39",0,0,1
"592","1","1","female",52,1,0,"36947",32.0966808773903,"D20","C","50-59",1,1,2
"593","0","3","male",47,0,0,"A/5 3902",7.25,"Sin camarote","S","40-49",0,0,1
"594","0","3","female",29.6991176470588,0,2,"364848",7.75,"Sin camarote","Q","20-29",0,1,3
"595","0","2","male",37,1,0,"SC/AH 29037",26,"Sin camarote","S","30-39",0,0,2
"596","0","3","male",36,1,1,"345773",24.15,"Sin camarote","S","30-39",0,0,3
"597","1","2","female",29.6991176470588,0,0,"248727",33,"Sin camarote","S","20-29",0,1,1
"598","0","3","male",49,0,0,"LINE",0,"Sin camarote","S","40-49",0,0,1
"599","0","3","male",29.6991176470588,0,0,"2664",7.225,"Sin camarote","C","20-29",0,0,1
"600","1","1","male",49,1,0,"PC 17485",56.9292,"A20","C","40-49",1,0,2
"601","1","2","female",24,2,1,"243847",27,"Sin camarote","S","20-29",0,1,4
"602","0","3","male",29.6991176470588,0,0,"349214",7.8958,"Sin camarote","S","20-29",0,0,1
"603","0","1","male",29.6991176470588,0,0,"113796",42.4,"Sin camarote","S","20-29",1,0,1
"604","0","3","male",44,0,0,"364511",8.05,"Sin camarote","S","40-49",0,0,1
"605","1","1","male",35,0,0,"111426",26.55,"Sin camarote","C","30-39",1,0,1
"606","0","3","male",36,1,0,"349910",15.55,"Sin camarote","S","30-39",0,0,2
"607","0","3","male",30,0,0,"349246",7.8958,"Sin camarote","S","20-29",0,0,1
"608","1","1","male",27,0,0,"113804",30.5,"Sin camarote","S","20-29",1,0,1
"609","1","2","female",22,1,2,"SC/Paris 2123",41.5792,"Sin camarote","C","20-29",0,1,4
"610","1","1","female",40,0,0,"PC 17582",32.0966808773903,"C125","S","30-39",1,1,1
"611","0","3","female",39,1,5,"347082",31.275,"Sin camarote","S","30-39",0,1,7
"612","0","3","male",29.6991176470588,0,0,"SOTON/O.Q. 3101305",7.05,"Sin camarote","S","20-29",0,0,1
"613","1","3","female",29.6991176470588,1,0,"367230",15.5,"Sin camarote","Q","20-29",0,1,2
"614","0","3","male",29.6991176470588,0,0,"370377",7.75,"Sin camarote","Q","20-29",0,0,1
"615","0","3","male",35,0,0,"364512",8.05,"Sin camarote","S","30-39",0,0,1
"616","1","2","female",24,1,2,"220845",65,"Sin camarote","S","20-29",0,1,4
"617","0","3","male",34,1,1,"347080",14.4,"Sin camarote","S","30-39",0,0,3
"618","0","3","female",26,1,0,"A/5. 3336",16.1,"Sin camarote","S","20-29",0,1,2
"619","1","2","female",4,2,1,"230136",39,"F4","S","0-9",0,1,4
"620","0","2","male",26,0,0,"31028",10.5,"Sin camarote","S","20-29",0,0,1
"621","0","3","male",27,1,0,"2659",14.4542,"Sin camarote","C","20-29",0,0,2
"622","1","1","male",42,1,0,"11753",52.5542,"D19","S","40-49",1,0,2
"623","1","3","male",20,1,1,"2653",15.7417,"Sin camarote","C","10-19",0,0,3
"624","0","3","male",21,0,0,"350029",7.8542,"Sin camarote","S","20-29",0,0,1
"625","0","3","male",21,0,0,"54636",16.1,"Sin camarote","S","20-29",0,0,1
"626","0","1","male",61,0,0,"36963",32.3208,"D50","S","60-69",1,0,1
"627","0","2","male",57,0,0,"219533",12.35,"Sin camarote","Q","50-59",0,0,1
"628","1","1","female",21,0,0,"13502",32.0966808773903,"D9","S","20-29",1,1,1
"629","0","3","male",26,0,0,"349224",7.8958,"Sin camarote","S","20-29",0,0,1
"630","0","3","male",29.6991176470588,0,0,"334912",7.7333,"Sin camarote","Q","20-29",0,0,1
"631","1","1","male",80,0,0,"27042",30,"A23","S","70-80",1,0,1
"632","0","3","male",51,0,0,"347743",7.0542,"Sin camarote","S","50-59",0,0,1
"633","1","1","male",32,0,0,"13214",30.5,"B50","C","30-39",1,0,1
"634","0","1","male",29.6991176470588,0,0,"112052",0,"Sin camarote","S","20-29",1,0,1
"635","0","3","female",9,3,2,"347088",27.9,"Sin camarote","S","0-9",0,1,6
"636","1","2","female",28,0,0,"237668",13,"Sin camarote","S","20-29",0,1,1
"637","0","3","male",32,0,0,"STON/O 2. 3101292",7.925,"Sin camarote","S","30-39",0,0,1
"638","0","2","male",31,1,1,"C.A. 31921",26.25,"Sin camarote","S","30-39",0,0,3
"639","0","3","female",41,0,5,"3101295",39.6875,"Sin camarote","S","40-49",0,1,6
"640","0","3","male",29.6991176470588,1,0,"376564",16.1,"Sin camarote","S","20-29",0,0,2
"641","0","3","male",20,0,0,"350050",7.8542,"Sin camarote","S","10-19",0,0,1
"642","1","1","female",24,0,0,"PC 17477",32.0966808773903,"B35","C","20-29",1,1,1
"643","0","3","female",2,3,2,"347088",27.9,"Sin camarote","S","0-9",0,1,6
"644","1","3","male",29.6991176470588,0,0,"1601",56.4958,"Sin camarote","S","20-29",0,0,1
"645","1","3","female",0.75,2,1,"2666",19.2583,"Sin camarote","C","0-9",0,1,4
"646","1","1","male",48,1,0,"PC 17572",32.0966808773903,"D33","C","40-49",1,0,2
"647","0","3","male",19,0,0,"349231",7.8958,"Sin camarote","S","10-19",0,0,1
"648","1","1","male",56,0,0,"13213",35.5,"A26","C","50-59",1,0,1
"649","0","3","male",29.6991176470588,0,0,"S.O./P.P. 751",7.55,"Sin camarote","S","20-29",0,0,1
"650","1","3","female",23,0,0,"CA. 2314",7.55,"Sin camarote","S","20-29",0,1,1
"651","0","3","male",29.6991176470588,0,0,"349221",7.8958,"Sin camarote","S","20-29",0,0,1
"652","1","2","female",18,0,1,"231919",23,"Sin camarote","S","10-19",0,1,2
"653","0","3","male",21,0,0,"8475",8.4333,"Sin camarote","S","20-29",0,0,1
"654","1","3","female",29.6991176470588,0,0,"330919",7.8292,"Sin camarote","Q","20-29",0,1,1
"655","0","3","female",18,0,0,"365226",6.75,"Sin camarote","Q","10-19",0,1,1
"656","0","2","male",24,2,0,"S.O.C. 14879",32.0966808773903,"Sin camarote","S","20-29",0,0,3
"657","0","3","male",29.6991176470588,0,0,"349223",7.8958,"Sin camarote","S","20-29",0,0,1
"658","0","3","female",32,1,1,"364849",15.5,"Sin camarote","Q","30-39",0,1,3
"659","0","2","male",23,0,0,"29751",13,"Sin camarote","S","20-29",0,0,1
"660","0","1","male",58,0,2,"35273",32.0966808773903,"D48","C","50-59",1,0,3
"661","1","1","male",50,2,0,"PC 17611",32.0966808773903,"Sin camarote","S","40-49",1,0,3
"662","0","3","male",40,0,0,"2623",7.225,"Sin camarote","C","30-39",0,0,1
"663","0","1","male",47,0,0,"5727",25.5875,"E58","S","40-49",1,0,1
"664","0","3","male",36,0,0,"349210",7.4958,"Sin camarote","S","30-39",0,0,1
"665","1","3","male",20,1,0,"STON/O 2. 3101285",7.925,"Sin camarote","S","10-19",0,0,2
"666","0","2","male",32,2,0,"S.O.C. 14879",32.0966808773903,"Sin camarote","S","30-39",0,0,3
"667","0","2","male",25,0,0,"234686",13,"Sin camarote","S","20-29",0,0,1
"668","0","3","male",29.6991176470588,0,0,"312993",7.775,"Sin camarote","S","20-29",0,0,1
"669","0","3","male",43,0,0,"A/5 3536",8.05,"Sin camarote","S","40-49",0,0,1
"670","1","1","female",29.6991176470588,1,0,"19996",52,"C126","S","20-29",1,1,2
"671","1","2","female",40,1,1,"29750",39,"Sin camarote","S","30-39",0,1,3
"672","0","1","male",31,1,0,"F.C. 12750",52,"B71","S","30-39",1,0,2
"673","0","2","male",70,0,0,"C.A. 24580",10.5,"Sin camarote","S","60-69",0,0,1
"674","1","2","male",31,0,0,"244270",13,"Sin camarote","S","30-39",0,0,1
"675","0","2","male",29.6991176470588,0,0,"239856",0,"Sin camarote","S","20-29",0,0,1
"676","0","3","male",18,0,0,"349912",7.775,"Sin camarote","S","10-19",0,0,1
"677","0","3","male",24.5,0,0,"342826",8.05,"Sin camarote","S","20-29",0,0,1
"678","1","3","female",18,0,0,"4138",9.8417,"Sin camarote","S","10-19",0,1,1
"679","0","3","female",43,1,6,"CA 2144",46.9,"Sin camarote","S","40-49",0,1,8
"680","1","1","male",36,0,1,"PC 17755",32.0966808773903,"B51 B53 B55","C","30-39",1,0,2
"681","0","3","female",29.6991176470588,0,0,"330935",8.1375,"Sin camarote","Q","20-29",0,1,1
"682","1","1","male",27,0,0,"PC 17572",32.0966808773903,"D49","C","20-29",1,0,1
"683","0","3","male",20,0,0,"6563",9.225,"Sin camarote","S","10-19",0,0,1
"684","0","3","male",14,5,2,"CA 2144",46.9,"Sin camarote","S","10-19",0,0,8
"685","0","2","male",60,1,1,"29750",39,"Sin camarote","S","50-59",0,0,3
"686","0","2","male",25,1,2,"SC/Paris 2123",41.5792,"Sin camarote","C","20-29",0,0,4
"687","0","3","male",14,4,1,"3101295",39.6875,"Sin camarote","S","10-19",0,0,6
"688","0","3","male",19,0,0,"349228",10.1708,"Sin camarote","S","10-19",0,0,1
"689","0","3","male",18,0,0,"350036",7.7958,"Sin camarote","S","10-19",0,0,1
"690","1","1","female",15,0,1,"24160",32.0966808773903,"B5","S","10-19",1,1,2
"691","1","1","male",31,1,0,"17474",57,"B20","S","30-39",1,0,2
"692","1","3","female",4,0,1,"349256",13.4167,"Sin camarote","C","0-9",0,1,2
"693","1","3","male",29.6991176470588,0,0,"1601",56.4958,"Sin camarote","S","20-29",0,0,1
"694","0","3","male",25,0,0,"2672",7.225,"Sin camarote","C","20-29",0,0,1
"695","0","1","male",60,0,0,"113800",26.55,"Sin camarote","S","50-59",1,0,1
"696","0","2","male",52,0,0,"248731",13.5,"Sin camarote","S","50-59",0,0,1
"697","0","3","male",44,0,0,"363592",8.05,"Sin camarote","S","40-49",0,0,1
"698","1","3","female",29.6991176470588,0,0,"35852",7.7333,"Sin camarote","Q","20-29",0,1,1
"699","0","1","male",49,1,1,"17421",32.0966808773903,"C68","C","40-49",1,0,3
"700","0","3","male",42,0,0,"348121",7.65,"F G63","S","40-49",0,0,1
"701","1","1","female",18,1,0,"PC 17757",32.0966808773903,"C62 C64","C","10-19",1,1,2
"702","1","1","male",35,0,0,"PC 17475",26.2875,"E24","S","30-39",1,0,1
"703","0","3","female",18,0,1,"2691",14.4542,"Sin camarote","C","10-19",0,1,2
"704","0","3","male",25,0,0,"36864",7.7417,"Sin camarote","Q","20-29",0,0,1
"705","0","3","male",26,1,0,"350025",7.8542,"Sin camarote","S","20-29",0,0,2
"706","0","2","male",39,0,0,"250655",26,"Sin camarote","S","30-39",0,0,1
"707","1","2","female",45,0,0,"223596",13.5,"Sin camarote","S","40-49",0,1,1
"708","1","1","male",42,0,0,"PC 17476",26.2875,"E24","S","40-49",1,0,1
"709","1","1","female",22,0,0,"113781",32.0966808773903,"Sin camarote","S","20-29",1,1,1
"710","1","3","male",29.6991176470588,1,1,"2661",15.2458,"Sin camarote","C","20-29",0,0,3
"711","1","1","female",24,0,0,"PC 17482",49.5042,"C90","C","20-29",1,1,1
"712","0","1","male",29.6991176470588,0,0,"113028",26.55,"C124","S","20-29",1,0,1
"713","1","1","male",48,1,0,"19996",52,"C126","S","40-49",1,0,2
"714","0","3","male",29,0,0,"7545",9.4833,"Sin camarote","S","20-29",0,0,1
"715","0","2","male",52,0,0,"250647",13,"Sin camarote","S","50-59",0,0,1
"716","0","3","male",19,0,0,"348124",7.65,"F G73","S","10-19",0,0,1
"717","1","1","female",38,0,0,"PC 17757",32.0966808773903,"C45","C","30-39",1,1,1
"718","1","2","female",27,0,0,"34218",10.5,"E101","S","20-29",0,1,1
"719","0","3","male",29.6991176470588,0,0,"36568",15.5,"Sin camarote","Q","20-29",0,0,1
"720","0","3","male",33,0,0,"347062",7.775,"Sin camarote","S","30-39",0,0,1
"721","1","2","female",6,0,1,"248727",33,"Sin camarote","S","0-9",0,1,2
"722","0","3","male",17,1,0,"350048",7.0542,"Sin camarote","S","10-19",0,0,2
"723","0","2","male",34,0,0,"12233",13,"Sin camarote","S","30-39",0,0,1
"724","0","2","male",50,0,0,"250643",13,"Sin camarote","S","40-49",0,0,1
"725","1","1","male",27,1,0,"113806",53.1,"E8","S","20-29",1,0,2
"726","0","3","male",20,0,0,"315094",8.6625,"Sin camarote","S","10-19",0,0,1
"727","1","2","female",30,3,0,"31027",21,"Sin camarote","S","20-29",0,1,4
"728","1","3","female",29.6991176470588,0,0,"36866",7.7375,"Sin camarote","Q","20-29",0,1,1
"729","0","2","male",25,1,0,"236853",26,"Sin camarote","S","20-29",0,0,2
"730","0","3","female",25,1,0,"STON/O2. 3101271",7.925,"Sin camarote","S","20-29",0,1,2
"731","1","1","female",29,0,0,"24160",32.0966808773903,"B5","S","20-29",1,1,1
"732","0","3","male",11,0,0,"2699",18.7875,"Sin camarote","C","10-19",0,0,1
"733","0","2","male",29.6991176470588,0,0,"239855",0,"Sin camarote","S","20-29",0,0,1
"734","0","2","male",23,0,0,"28425",13,"Sin camarote","S","20-29",0,0,1
"735","0","2","male",23,0,0,"233639",13,"Sin camarote","S","20-29",0,0,1
"736","0","3","male",28.5,0,0,"54636",16.1,"Sin camarote","S","20-29",0,0,1
"737","0","3","female",48,1,3,"W./C. 6608",34.375,"Sin camarote","S","40-49",0,1,5
"738","1","1","male",35,0,0,"PC 17755",32.0966808773903,"B101","C","30-39",1,0,1
"739","0","3","male",29.6991176470588,0,0,"349201",7.8958,"Sin camarote","S","20-29",0,0,1
"740","0","3","male",29.6991176470588,0,0,"349218",7.8958,"Sin camarote","S","20-29",0,0,1
"741","1","1","male",29.6991176470588,0,0,"16988",30,"D45","S","20-29",1,0,1
"742","0","1","male",36,1,0,"19877",32.0966808773903,"C46","S","30-39",1,0,2
"743","1","1","female",21,2,2,"PC 17608",32.0966808773903,"B57 B59 B63 B66","C","20-29",1,1,5
"744","0","3","male",24,1,0,"376566",16.1,"Sin camarote","S","20-29",0,0,2
"745","1","3","male",31,0,0,"STON/O 2. 3101288",7.925,"Sin camarote","S","30-39",0,0,1
"746","0","1","male",70,1,1,"WE/P 5735",32.0966808773903,"B22","S","60-69",1,0,3
"747","0","3","male",16,1,1,"C.A. 2673",20.25,"Sin camarote","S","10-19",0,0,3
"748","1","2","female",30,0,0,"250648",13,"Sin camarote","S","20-29",0,1,1
"749","0","1","male",19,1,0,"113773",53.1,"D30","S","10-19",1,0,2
"750","0","3","male",31,0,0,"335097",7.75,"Sin camarote","Q","30-39",0,0,1
"751","1","2","female",4,1,1,"29103",23,"Sin camarote","S","0-9",0,1,3
"752","1","3","male",6,0,1,"392096",12.475,"E121","S","0-9",0,0,2
"753","0","3","male",33,0,0,"345780",9.5,"Sin camarote","S","30-39",0,0,1
"754","0","3","male",23,0,0,"349204",7.8958,"Sin camarote","S","20-29",0,0,1
"755","1","2","female",48,1,2,"220845",65,"Sin camarote","S","40-49",0,1,4
"756","1","2","male",0.67,1,1,"250649",14.5,"Sin camarote","S","0-9",0,0,3
"757","0","3","male",28,0,0,"350042",7.7958,"Sin camarote","S","20-29",0,0,1
"758","0","2","male",18,0,0,"29108",11.5,"Sin camarote","S","10-19",0,0,1
"759","0","3","male",34,0,0,"363294",8.05,"Sin camarote","S","30-39",0,0,1
"760","1","1","female",33,0,0,"110152",32.0966808773903,"B77","S","30-39",1,1,1
"761","0","3","male",29.6991176470588,0,0,"358585",14.5,"Sin camarote","S","20-29",0,0,1
"762","0","3","male",41,0,0,"SOTON/O2 3101272",7.125,"Sin camarote","S","40-49",0,0,1
"763","1","3","male",20,0,0,"2663",7.2292,"Sin camarote","C","10-19",0,0,1
"764","1","1","female",36,1,2,"113760",32.0966808773903,"B96 B98","S","30-39",1,1,4
"765","0","3","male",16,0,0,"347074",7.775,"Sin camarote","S","10-19",0,0,1
"766","1","1","female",51,1,0,"13502",32.0966808773903,"D11","S","50-59",1,1,2
"767","0","1","male",29.6991176470588,0,0,"112379",39.6,"Sin camarote","C","20-29",1,0,1
"768","0","3","female",30.5,0,0,"364850",7.75,"Sin camarote","Q","30-39",0,1,1
"769","0","3","male",29.6991176470588,1,0,"371110",24.15,"Sin camarote","Q","20-29",0,0,2
"770","0","3","male",32,0,0,"8471",8.3625,"Sin camarote","S","30-39",0,0,1
"771","0","3","male",24,0,0,"345781",9.5,"Sin camarote","S","20-29",0,0,1
"772","0","3","male",48,0,0,"350047",7.8542,"Sin camarote","S","40-49",0,0,1
"773","0","2","female",57,0,0,"S.O./P.P. 3",10.5,"E77","S","50-59",0,1,1
"774","0","3","male",29.6991176470588,0,0,"2674",7.225,"Sin camarote","C","20-29",0,0,1
"775","1","2","female",54,1,3,"29105",23,"Sin camarote","S","50-59",0,1,5
"776","0","3","male",18,0,0,"347078",7.75,"Sin camarote","S","10-19",0,0,1
"777","0","3","male",29.6991176470588,0,0,"383121",7.75,"F38","Q","20-29",0,0,1
"778","1","3","female",5,0,0,"364516",12.475,"Sin camarote","S","0-9",0,1,1
"779","0","3","male",29.6991176470588,0,0,"36865",7.7375,"Sin camarote","Q","20-29",0,0,1
"780","1","1","female",43,0,1,"24160",32.0966808773903,"B3","S","40-49",1,1,2
"781","1","3","female",13,0,0,"2687",7.2292,"Sin camarote","C","10-19",0,1,1
"782","1","1","female",17,1,0,"17474",57,"B20","S","10-19",1,1,2
"783","0","1","male",29,0,0,"113501",30,"D6","S","20-29",1,0,1
"784","0","3","male",29.6991176470588,1,2,"W./C. 6607",23.45,"Sin camarote","S","20-29",0,0,4
"785","0","3","male",25,0,0,"SOTON/O.Q. 3101312",7.05,"Sin camarote","S","20-29",0,0,1
"786","0","3","male",25,0,0,"374887",7.25,"Sin camarote","S","20-29",0,0,1
"787","1","3","female",18,0,0,"3101265",7.4958,"Sin camarote","S","10-19",0,1,1
"788","0","3","male",8,4,1,"382652",29.125,"Sin camarote","Q","0-9",0,0,6
"789","1","3","male",1,1,2,"C.A. 2315",20.575,"Sin camarote","S","0-9",0,0,4
"790","0","1","male",46,0,0,"PC 17593",32.0966808773903,"B82 B84","C","40-49",1,0,1
"791","0","3","male",29.6991176470588,0,0,"12460",7.75,"Sin camarote","Q","20-29",0,0,1
"792","0","2","male",16,0,0,"239865",26,"Sin camarote","S","10-19",0,0,1
"793","0","3","female",29.6991176470588,8,2,"CA. 2343",32.0966808773903,"Sin camarote","S","20-29",0,1,11
"794","0","1","male",29.6991176470588,0,0,"PC 17600",30.6958,"Sin camarote","C","20-29",1,0,1
"795","0","3","male",25,0,0,"349203",7.8958,"Sin camarote","S","20-29",0,0,1
"796","0","2","male",39,0,0,"28213",13,"Sin camarote","S","30-39",0,0,1
"797","1","1","female",49,0,0,"17465",25.9292,"D17","S","40-49",1,1,1
"798","1","3","female",31,0,0,"349244",8.6833,"Sin camarote","S","30-39",0,1,1
"799","0","3","male",30,0,0,"2685",7.2292,"Sin camarote","C","20-29",0,0,1
"800","0","3","female",30,1,1,"345773",24.15,"Sin camarote","S","20-29",0,1,3
"801","0","2","male",34,0,0,"250647",13,"Sin camarote","S","30-39",0,0,1
"802","1","2","female",31,1,1,"C.A. 31921",26.25,"Sin camarote","S","30-39",0,1,3
"803","1","1","male",11,1,2,"113760",32.0966808773903,"B96 B98","S","10-19",1,0,4
"804","1","3","male",0.42,0,1,"2625",8.5167,"Sin camarote","C","0-9",0,0,2
"805","1","3","male",27,0,0,"347089",6.975,"Sin camarote","S","20-29",0,0,1
"806","0","3","male",31,0,0,"347063",7.775,"Sin camarote","S","30-39",0,0,1
"807","0","1","male",39,0,0,"112050",0,"A36","S","30-39",1,0,1
"808","0","3","female",18,0,0,"347087",7.775,"Sin camarote","S","10-19",0,1,1
"809","0","2","male",39,0,0,"248723",13,"Sin camarote","S","30-39",0,0,1
"810","1","1","female",33,1,0,"113806",53.1,"E8","S","30-39",1,1,2
"811","0","3","male",26,0,0,"3474",7.8875,"Sin camarote","S","20-29",0,0,1
"812","0","3","male",39,0,0,"A/4 48871",24.15,"Sin camarote","S","30-39",0,0,1
"813","0","2","male",35,0,0,"28206",10.5,"Sin camarote","S","30-39",0,0,1
"814","0","3","female",6,4,2,"347082",31.275,"Sin camarote","S","0-9",0,1,7
"815","0","3","male",30.5,0,0,"364499",8.05,"Sin camarote","S","30-39",0,0,1
"816","0","1","male",29.6991176470588,0,0,"112058",0,"B102","S","20-29",1,0,1
"817","0","3","female",23,0,0,"STON/O2. 3101290",7.925,"Sin camarote","S","20-29",0,1,1
"818","0","2","male",31,1,1,"S.C./PARIS 2079",37.0042,"Sin camarote","C","30-39",0,0,3
"819","0","3","male",43,0,0,"C 7075",6.45,"Sin camarote","S","40-49",0,0,1
"820","0","3","male",10,3,2,"347088",27.9,"Sin camarote","S","0-9",0,0,6
"821","1","1","female",52,1,1,"12749",32.0966808773903,"B69","S","50-59",1,1,3
"822","1","3","male",27,0,0,"315098",8.6625,"Sin camarote","S","20-29",0,0,1
"823","0","1","male",38,0,0,"19972",0,"Sin camarote","S","30-39",1,0,1
"824","1","3","female",27,0,1,"392096",12.475,"E121","S","20-29",0,1,2
"825","0","3","male",2,4,1,"3101295",39.6875,"Sin camarote","S","0-9",0,0,6
"826","0","3","male",29.6991176470588,0,0,"368323",6.95,"Sin camarote","Q","20-29",0,0,1
"827","0","3","male",29.6991176470588,0,0,"1601",56.4958,"Sin camarote","S","20-29",0,0,1
"828","1","2","male",1,0,2,"S.C./PARIS 2079",37.0042,"Sin camarote","C","0-9",0,0,3
"829","1","3","male",29.6991176470588,0,0,"367228",7.75,"Sin camarote","Q","20-29",0,0,1
"831","1","3","female",15,1,0,"2659",14.4542,"Sin camarote","C","10-19",0,1,2
"832","1","2","male",0.83,1,1,"29106",18.75,"Sin camarote","S","0-9",0,0,3
"833","0","3","male",29.6991176470588,0,0,"2671",7.2292,"Sin camarote","C","20-29",0,0,1
"834","0","3","male",23,0,0,"347468",7.8542,"Sin camarote","S","20-29",0,0,1
"835","0","3","male",18,0,0,"2223",8.3,"Sin camarote","S","10-19",0,0,1
"836","1","1","female",39,1,1,"PC 17756",32.0966808773903,"E49","C","30-39",1,1,3
"837","0","3","male",21,0,0,"315097",8.6625,"Sin camarote","S","20-29",0,0,1
"838","0","3","male",29.6991176470588,0,0,"392092",8.05,"Sin camarote","S","20-29",0,0,1
"839","1","3","male",32,0,0,"1601",56.4958,"Sin camarote","S","30-39",0,0,1
"840","1","1","male",29.6991176470588,0,0,"11774",29.7,"C47","C","20-29",1,0,1
"841","0","3","male",20,0,0,"SOTON/O2 3101287",7.925,"Sin camarote","S","10-19",0,0,1
"842","0","2","male",16,0,0,"S.O./P.P. 3",10.5,"Sin camarote","S","10-19",0,0,1
"843","1","1","female",30,0,0,"113798",31,"Sin camarote","C","20-29",1,1,1
"844","0","3","male",34.5,0,0,"2683",6.4375,"Sin camarote","C","30-39",0,0,1
"845","0","3","male",17,0,0,"315090",8.6625,"Sin camarote","S","10-19",0,0,1
"846","0","3","male",42,0,0,"C.A. 5547",7.55,"Sin camarote","S","40-49",0,0,1
"847","0","3","male",29.6991176470588,8,2,"CA. 2343",32.0966808773903,"Sin camarote","S","20-29",0,0,11
"848","0","3","male",35,0,0,"349213",7.8958,"Sin camarote","C","30-39",0,0,1
"849","0","2","male",28,0,1,"248727",33,"Sin camarote","S","20-29",0,0,2
"850","1","1","female",29.6991176470588,1,0,"17453",32.0966808773903,"C92","C","20-29",1,1,2
"851","0","3","male",4,4,2,"347082",31.275,"Sin camarote","S","0-9",0,0,7
"852","0","3","male",74,0,0,"347060",7.775,"Sin camarote","S","70-80",0,0,1
"853","0","3","female",9,1,1,"2678",15.2458,"Sin camarote","C","0-9",0,1,3
"854","1","1","female",16,0,1,"PC 17592",39.4,"D28","S","10-19",1,1,2
"855","0","2","female",44,1,0,"244252",26,"Sin camarote","S","40-49",0,1,2
"856","1","3","female",18,0,1,"392091",9.35,"Sin camarote","S","10-19",0,1,2
"857","1","1","female",45,1,1,"36928",32.0966808773903,"Sin camarote","S","40-49",1,1,3
"858","1","1","male",51,0,0,"113055",26.55,"E17","S","50-59",1,0,1
"859","1","3","female",24,0,3,"2666",19.2583,"Sin camarote","C","20-29",0,1,4
"860","0","3","male",29.6991176470588,0,0,"2629",7.2292,"Sin camarote","C","20-29",0,0,1
"861","0","3","male",41,2,0,"350026",14.1083,"Sin camarote","S","40-49",0,0,3
"862","0","2","male",21,1,0,"28134",11.5,"Sin camarote","S","20-29",0,0,2
"863","1","1","female",48,0,0,"17466",25.9292,"D17","S","40-49",1,1,1
"864","0","3","female",29.6991176470588,8,2,"CA. 2343",32.0966808773903,"Sin camarote","S","20-29",0,1,11
"865","0","2","male",24,0,0,"233866",13,"Sin camarote","S","20-29",0,0,1
"866","1","2","female",42,0,0,"236852",13,"Sin camarote","S","40-49",0,1,1
"867","1","2","female",27,1,0,"SC/PARIS 2149",13.8583,"Sin camarote","C","20-29",0,1,2
"868","0","1","male",31,0,0,"PC 17590",50.4958,"A24","S","30-39",1,0,1
"869","0","3","male",29.6991176470588,0,0,"345777",9.5,"Sin camarote","S","20-29",0,0,1
"870","1","3","male",4,1,1,"347742",11.1333,"Sin camarote","S","0-9",0,0,3
"871","0","3","male",26,0,0,"349248",7.8958,"Sin camarote","S","20-29",0,0,1
"872","1","1","female",47,1,1,"11751",52.5542,"D35","S","40-49",1,1,3
"873","0","1","male",33,0,0,"695",5,"B51 B53 B55","S","30-39",1,0,1
"874","0","3","male",47,0,0,"345765",9,"Sin camarote","S","40-49",0,0,1
"875","1","2","female",28,1,0,"P/PP 3381",24,"Sin camarote","C","20-29",0,1,2
"876","1","3","female",15,0,0,"2667",7.225,"Sin camarote","C","10-19",0,1,1
"877","0","3","male",20,0,0,"7534",9.8458,"Sin camarote","S","10-19",0,0,1
"878","0","3","male",19,0,0,"349212",7.8958,"Sin camarote","S","10-19",0,0,1
"879","0","3","male",29.6991176470588,0,0,"349217",7.8958,"Sin camarote","S","20-29",0,0,1
"880","1","1","female",56,0,1,"11767",32.0966808773903,"C50","C","50-59",1,1,2
"881","1","2","female",25,0,1,"230433",26,"Sin camarote","S","20-29",0,1,2
"882","0","3","male",33,0,0,"349257",7.8958,"Sin camarote","S","30-39",0,0,1
"883","0","3","female",22,0,0,"7552",10.5167,"Sin camarote","S","20-29",0,1,1
"884","0","2","male",28,0,0,"C.A./SOTON 34068",10.5,"Sin camarote","S","20-29",0,0,1
"885","0","3","male",25,0,0,"SOTON/OQ 392076",7.05,"Sin camarote","S","20-29",0,0,1
"886","0","3","female",39,0,5,"382652",29.125,"Sin camarote","Q","30-39",0,1,6
"887","0","2","male",27,0,0,"211536",13,"Sin camarote","S","20-29",0,0,1
"888","1","1","female",19,0,0,"112053",30,"B42","S","10-19",1,1,1
"889","0","3","female",29.6991176470588,1,2,"W./C. 6607",23.45,"Sin camarote","S","20-29",0,1,4
"890","1","1","male",26,0,0,"111369",30,"C148","C","20-29",1,0,1
"891","0","3","male",32,0,0,"370376",7.75,"Sin camarote","Q","30-39",0,0,1
